ID,Nome,Età,Città
1,Persona_1,21,Roma
2,Persona_2,22,Milano
3,Persona_3,23,Napoli
4,Persona_4,24,Torino
5,Persona_5,25,Firenze
6,Persona_6,26,Roma
7,Persona_7,27,Milano
8,Persona_8,28,Napoli
9,Persona_9,29,Torino
10,Persona_10,30,Firenze
11,Persona_11,31,Roma
12,Persona_12,32,Milano
13,Persona_13,33,Napoli
14,Persona_14,34,Torino
15,Persona_15,35,Firenze
16,Persona_16,36,Roma
17,Persona_17,37,Milano
18,Persona_18,38,Napoli
19,Persona_19,39,Torino
20,Persona_20,40,Firenze
21,Persona_21,41,Roma
22,Persona_22,42,Milano
23,Persona_23,43,Napoli
24,Persona_24,44,Torino
25,Persona_25,45,Firenze
26,Persona_26,46,Roma
27,Persona_27,47,Milano
28,Persona_28,48,Napoli
29,Persona_29,49,Torino
30,Persona_30,20,Firenze
31,Persona_31,21,Roma
32,Persona_32,22,Milano
33,Persona_33,23,Napoli
34,Persona_34,24,Torino
35,Persona_35,25,Firenze
36,Persona_36,26,Roma
37,Persona_37,27,Milano
38,Persona_38,28,Napoli
39,Persona_39,29,Torino
40,Persona_40,30,Firenze
41,Persona_41,31,Roma
42,Persona_42,32,Milano
43,Persona_43,33,Napoli
44,Persona_44,34,Torino
45,Persona_45,35,Firenze
46,Persona_46,36,Roma
47,Persona_47,37,Milano
48,Persona_48,38,Napoli
49,Persona_49,39,Torino
50,Persona_50,40,Firenze
51,Persona_51,41,Roma
52,Persona_52,42,Milano
53,Persona_53,43,Napoli
54,Persona_54,44,Torino
55,Persona_55,45,Firenze
56,Persona_56,46,Roma
57,Persona_57,47,Milano
58,Persona_58,48,Napoli
59,Persona_59,49,Torino
60,Persona_60,20,Firenze
61,Persona_61,21,Roma
62,Persona_62,22,Milano
63,Persona_63,23,Napoli
64,Persona_64,24,Torino
65,Persona_65,25,Firenze
66,Persona_66,26,Roma
67,Persona_67,27,Milano
68,Persona_68,28,Napoli
69,Persona_69,29,Torino
70,Persona_70,30,Firenze
71,Persona_71,31,Roma
72,Persona_72,32,Milano
73,Persona_73,33,Napoli
74,Persona_74,34,Torino
75,Persona_75,35,Firenze
76,Persona_76,36,Roma
77,Persona_77,37,Milano
78,Persona_78,38,Napoli
79,Persona_79,39,Torino
80,Persona_80,40,Firenze
81,Persona_81,41,Roma
82,Persona_82,42,Milano
83,Persona_83,43,Napoli
84,Persona_84,44,Torino
85,Persona_85,45,Firenze
86,Persona_86,46,Roma
87,Persona_87,47,Milano
88,Persona_88,48,Napoli
89,Persona_89,49,Torino
90,Persona_90,20,Firenze
91,Persona_91,21,Roma
92,Persona_92,22,Milano
93,Persona_93,23,Napoli
94,Persona_94,24,Torino
95,Persona_95,25,Firenze
96,Persona_96,26,Roma
97,Persona_97,27,Milano
98,Persona_98,28,Napoli
99,Persona_99,29,Torino
100,Persona_100,30,Firenze
